,Max DDT,Sum DDT,Max DDDT,Sum DDDT,Max DTTT,Sum DTTT,Max DTDT,Sum DTDT,degree of starting node,degree of ending node,max deg DDT,max deg DDDT,max deg DTTT,max deg DTDT,drug_centrality,target_centrality,betweenness_cen drug,betweenness_cen target,Label
count,378776,378776,378776,378776,378776,378776,378776,378776,378776,378776,378776,378776,378776,378776,378776,378776,378776,378776,378776
mean,0,0,0,0,0,0,0,0,0.600875596,0.007423583,0,0,0,0,0.592690204,0.645326254,0.007060915,0.001110481,0
std,0,0,0,0,0,0,0,0,0.308116369,0.015543612,0,0,0,0,0.155443482,0.059410368,0.054348569,0.016812495,0
min,0,0,0,0,0,0,0,0,0,0,0,0,0,0,0,0,0,0,0
25%,0,0,0,0,0,0,0,0,0.391719745,0,0,0,0,0,0.532724015,0.602375048,3.80E-05,0,0
50%,0,0,0,0,0,0,0,0,0.691082803,0,0,0,0,0,0.59413283,0.671125326,0.000121681,0,0
75%,0,0,0,0,0,0,0,0,0.859872611,0.015625,0,0,0,0,0.684084411,0.671809052,0.000420354,0,0
max,0,0,0,0,0,0,0,0,1,1,0,0,0,0,1,1,1,1,0
